ID,P17
1,V_17-1
2,V_17-2
3,V_17-3
4,V_17-4
5,V_17-5
6,V_17-6
7,V_17-7
8,V_17-8
9,V_17-9
10,V_17-10
11,V_17-11
12,V_17-12
13,V_17-13
14,V_17-14
15,V_17-15
16,V_17-16
17,V_17-17
18,V_17-18
19,V_17-19
20,V_17-20
21,V_17-21
22,V_17-22
23,V_17-23
24,V_17-24
25,V_17-25
26,V_17-26
27,V_17-27
28,V_17-28
29,V_17-29
30,V_17-30
31,V_17-31
32,V_17-32
33,V_17-33
34,V_17-34
35,V_17-35
36,V_17-36
37,V_17-37
38,V_17-38
39,V_17-39
40,V_17-40
41,V_17-41
42,V_17-42
43,V_17-43
44,V_17-44
45,V_17-45
46,V_17-46
47,V_17-47
48,V_17-48
49,V_17-49
50,V_17-50
51,V_17-51
52,V_17-52
53,V_17-53
54,V_17-54
55,V_17-55
56,V_17-56
57,V_17-57
58,V_17-58
59,V_17-59
60,V_17-60
61,V_17-61
62,V_17-62
63,V_17-63
64,V_17-64
65,V_17-65
66,V_17-66
67,V_17-67
68,V_17-68
69,V_17-69
70,V_17-70
71,V_17-71
72,V_17-72
73,V_17-73
74,V_17-74
75,V_17-75
76,V_17-76
77,V_17-77
78,V_17-78
79,V_17-79
80,V_17-80
81,V_17-81
82,V_17-82
83,V_17-83
84,V_17-84
85,V_17-85
86,V_17-86
87,V_17-87
88,V_17-88
89,V_17-89
90,V_17-90
91,V_17-91
92,V_17-92
93,V_17-93
94,V_17-94
95,V_17-95
96,V_17-96
97,V_17-97
98,V_17-98
99,V_17-99
100,V_17-100
101,V_17-101
102,V_17-102
103,V_17-103
104,V_17-104
105,V_17-105
106,V_17-106
107,V_17-107
108,V_17-108
109,V_17-109
110,V_17-110
111,V_17-111
112,V_17-112
113,V_17-113
114,V_17-114
115,V_17-115
116,V_17-116
117,V_17-117
118,V_17-118
119,V_17-119
120,V_17-120
121,V_17-121
122,V_17-122
123,V_17-123
124,V_17-124
125,V_17-125
126,V_17-126
127,V_17-127
128,V_17-128
129,V_17-129
130,V_17-130
131,V_17-131
132,V_17-132
133,V_17-133
134,V_17-134
135,V_17-135
136,V_17-136
137,V_17-137
138,V_17-138
139,V_17-139
140,V_17-140
141,V_17-141
142,V_17-142
143,V_17-143
144,V_17-144
145,V_17-145
146,V_17-146
147,V_17-147
148,V_17-148
149,V_17-149
150,V_17-150
151,V_17-151
152,V_17-152
153,V_17-153
154,V_17-154
155,V_17-155
156,V_17-156
157,V_17-157
158,V_17-158
159,V_17-159
160,V_17-160
161,V_17-161
162,V_17-162
163,V_17-163
164,V_17-164
165,V_17-165
166,V_17-166
167,V_17-167
168,V_17-168
169,V_17-169
170,V_17-170
171,V_17-171
172,V_17-172
173,V_17-173
174,V_17-174
175,V_17-175
176,V_17-176
177,V_17-177
178,V_17-178
179,V_17-179
180,V_17-180
181,V_17-181
182,V_17-182
183,V_17-183
184,V_17-184
185,V_17-185
186,V_17-186
187,V_17-187
188,V_17-188
189,V_17-189
190,V_17-190
191,V_17-191
192,V_17-192
193,V_17-193
194,V_17-194
195,V_17-195
196,V_17-196
197,V_17-197
198,V_17-198
199,V_17-199
200,V_17-200
201,V_17-201
202,V_17-202
203,V_17-203
204,V_17-204
205,V_17-205
206,V_17-206
207,V_17-207
208,V_17-208
209,V_17-209
210,V_17-210
211,V_17-211
212,V_17-212
213,V_17-213
214,V_17-214
215,V_17-215
216,V_17-216
217,V_17-217
218,V_17-218
219,V_17-219
220,V_17-220
221,V_17-221
222,V_17-222
223,V_17-223
224,V_17-224
225,V_17-225
226,V_17-226
227,V_17-227
228,V_17-228
229,V_17-229
230,V_17-230
231,V_17-231
232,V_17-232
233,V_17-233
234,V_17-234
235,V_17-235
236,V_17-236
237,V_17-237
238,V_17-238
239,V_17-239
240,V_17-240
241,V_17-241
242,V_17-242
243,V_17-243
244,V_17-244
245,V_17-245
246,V_17-246
247,V_17-247
248,V_17-248
249,V_17-249
250,V_17-250
251,V_17-251
252,V_17-252
253,V_17-253
254,V_17-254
255,V_17-255
256,V_17-256
257,V_17-257
258,V_17-258
259,V_17-259
260,V_17-260
261,V_17-261
262,V_17-262
263,V_17-263
264,V_17-264
265,V_17-265
266,V_17-266
267,V_17-267
268,V_17-268
269,V_17-269
270,V_17-270
271,V_17-271
272,V_17-272
273,V_17-273
274,V_17-274
275,V_17-275
276,V_17-276
277,V_17-277
278,V_17-278
279,V_17-279
280,V_17-280
281,V_17-281
282,V_17-282
283,V_17-283
284,V_17-284
285,V_17-285
286,V_17-286
287,V_17-287
288,V_17-288
289,V_17-289
290,V_17-290
291,V_17-291
292,V_17-292
293,V_17-293
294,V_17-294
295,V_17-295
296,V_17-296
297,V_17-297
298,V_17-298
299,V_17-299
300,V_17-300
301,V_17-301
302,V_17-302
303,V_17-303
304,V_17-304
305,V_17-305
306,V_17-306
307,V_17-307
308,V_17-308
309,V_17-309
310,V_17-310
311,V_17-311
312,V_17-312
313,V_17-313
314,V_17-314
315,V_17-315
316,V_17-316
317,V_17-317
318,V_17-318
319,V_17-319
320,V_17-320
321,V_17-321
322,V_17-322
323,V_17-323
324,V_17-324
325,V_17-325
326,V_17-326
327,V_17-327
328,V_17-328
329,V_17-329
330,V_17-330
331,V_17-331
332,V_17-332
333,V_17-333
334,V_17-334
335,V_17-335
336,V_17-336
337,V_17-337
338,V_17-338
339,V_17-339
340,V_17-340
341,V_17-341
342,V_17-342
343,V_17-343
344,V_17-344
345,V_17-345
346,V_17-346
347,V_17-347
348,V_17-348
349,V_17-349
350,V_17-350
351,V_17-351
352,V_17-352
353,V_17-353
354,V_17-354
355,V_17-355
356,V_17-356
357,V_17-357
358,V_17-358
359,V_17-359
360,V_17-360
361,V_17-361
362,V_17-362
363,V_17-363
364,V_17-364
365,V_17-365
366,V_17-366
367,V_17-367
368,V_17-368
369,V_17-369
370,V_17-370
371,V_17-371
372,V_17-372
373,V_17-373
374,V_17-374
375,V_17-375
376,V_17-376
377,V_17-377
378,V_17-378
379,V_17-379
380,V_17-380
381,V_17-381
382,V_17-382
383,V_17-383
384,V_17-384
385,V_17-385
386,V_17-386
387,V_17-387
388,V_17-388
389,V_17-389
390,V_17-390
391,V_17-391
392,V_17-392
393,V_17-393
394,V_17-394
395,V_17-395
396,V_17-396
397,V_17-397
398,V_17-398
399,V_17-399
400,V_17-400
401,V_17-401
402,V_17-402
403,V_17-403
404,V_17-404
405,V_17-405
406,V_17-406
407,V_17-407
408,V_17-408
409,V_17-409
410,V_17-410
411,V_17-411
412,V_17-412
413,V_17-413
414,V_17-414
415,V_17-415
416,V_17-416
417,V_17-417
418,V_17-418
419,V_17-419
420,V_17-420
421,V_17-421
422,V_17-422
423,V_17-423
424,V_17-424
425,V_17-425
426,V_17-426
427,V_17-427
428,V_17-428
429,V_17-429
430,V_17-430
431,V_17-431
432,V_17-432
433,V_17-433
434,V_17-434
435,V_17-435
436,V_17-436
437,V_17-437
438,V_17-438
439,V_17-439
440,V_17-440
441,V_17-441
442,V_17-442
443,V_17-443
444,V_17-444
445,V_17-445
446,V_17-446
447,V_17-447
448,V_17-448
449,V_17-449
450,V_17-450
451,V_17-451
452,V_17-452
453,V_17-453
454,V_17-454
455,V_17-455
456,V_17-456
457,V_17-457
458,V_17-458
459,V_17-459
460,V_17-460
461,V_17-461
462,V_17-462
463,V_17-463
464,V_17-464
465,V_17-465
466,V_17-466
467,V_17-467
468,V_17-468
469,V_17-469
470,V_17-470
471,V_17-471
472,V_17-472
473,V_17-473
474,V_17-474
475,V_17-475
476,V_17-476
477,V_17-477
478,V_17-478
479,V_17-479
480,V_17-480
481,V_17-481
482,V_17-482
483,V_17-483
484,V_17-484
485,V_17-485
486,V_17-486
487,V_17-487
488,V_17-488
489,V_17-489
490,V_17-490
491,V_17-491
492,V_17-492
493,V_17-493
494,V_17-494
495,V_17-495
496,V_17-496
497,V_17-497
498,V_17-498
499,V_17-499
500,V_17-500
501,V_17-501
502,V_17-502
503,V_17-503
504,V_17-504
505,V_17-505
506,V_17-506
507,V_17-507
508,V_17-508
509,V_17-509
510,V_17-510
511,V_17-511
512,V_17-512
513,V_17-513
514,V_17-514
515,V_17-515
516,V_17-516
517,V_17-517
518,V_17-518
519,V_17-519
520,V_17-520
521,V_17-521
522,V_17-522
523,V_17-523
524,V_17-524
525,V_17-525
526,V_17-526
527,V_17-527
528,V_17-528
529,V_17-529
530,V_17-530
531,V_17-531
532,V_17-532
533,V_17-533
534,V_17-534
535,V_17-535
536,V_17-536
537,V_17-537
538,V_17-538
539,V_17-539
540,V_17-540
541,V_17-541
542,V_17-542
543,V_17-543
544,V_17-544
545,V_17-545
546,V_17-546
547,V_17-547
548,V_17-548
549,V_17-549
550,V_17-550
551,V_17-551
552,V_17-552
553,V_17-553
554,V_17-554
555,V_17-555
556,V_17-556
557,V_17-557
558,V_17-558
559,V_17-559
560,V_17-560
561,V_17-561
562,V_17-562
563,V_17-563
564,V_17-564
565,V_17-565
566,V_17-566
567,V_17-567
568,V_17-568
569,V_17-569
570,V_17-570
571,V_17-571
572,V_17-572
573,V_17-573
574,V_17-574
575,V_17-575
576,V_17-576
577,V_17-577
578,V_17-578
579,V_17-579
580,V_17-580
581,V_17-581
582,V_17-582
583,V_17-583
584,V_17-584
585,V_17-585
586,V_17-586
587,V_17-587
588,V_17-588
589,V_17-589
590,V_17-590
591,V_17-591
592,V_17-592
593,V_17-593
594,V_17-594
595,V_17-595
596,V_17-596
597,V_17-597
598,V_17-598
599,V_17-599
600,V_17-600
601,V_17-601
602,V_17-602
603,V_17-603
604,V_17-604
605,V_17-605
606,V_17-606
607,V_17-607
608,V_17-608
609,V_17-609
610,V_17-610
611,V_17-611
612,V_17-612
613,V_17-613
614,V_17-614
615,V_17-615
616,V_17-616
617,V_17-617
618,V_17-618
619,V_17-619
620,V_17-620
621,V_17-621
622,V_17-622
623,V_17-623
624,V_17-624
625,V_17-625
626,V_17-626
627,V_17-627
628,V_17-628
629,V_17-629
630,V_17-630
631,V_17-631
632,V_17-632
633,V_17-633
634,V_17-634
635,V_17-635
636,V_17-636
637,V_17-637
638,V_17-638
639,V_17-639
640,V_17-640
641,V_17-641
642,V_17-642
643,V_17-643
644,V_17-644
645,V_17-645
646,V_17-646
647,V_17-647
648,V_17-648
649,V_17-649
650,V_17-650
651,V_17-651
652,V_17-652
653,V_17-653
654,V_17-654
655,V_17-655
656,V_17-656
657,V_17-657
658,V_17-658
659,V_17-659
660,V_17-660
661,V_17-661
662,V_17-662
663,V_17-663
664,V_17-664
665,V_17-665
666,V_17-666
667,V_17-667
668,V_17-668
669,V_17-669
670,V_17-670
671,V_17-671
672,V_17-672
673,V_17-673
674,V_17-674
675,V_17-675
676,V_17-676
677,V_17-677
678,V_17-678
679,V_17-679
680,V_17-680
681,V_17-681
682,V_17-682
683,V_17-683
684,V_17-684
685,V_17-685
686,V_17-686
687,V_17-687
688,V_17-688
689,V_17-689
690,V_17-690
691,V_17-691
692,V_17-692
693,V_17-693
694,V_17-694
695,V_17-695
696,V_17-696
697,V_17-697
698,V_17-698
699,V_17-699
700,V_17-700
701,V_17-701
702,V_17-702
703,V_17-703
704,V_17-704
705,V_17-705
706,V_17-706
707,V_17-707
708,V_17-708
709,V_17-709
710,V_17-710
711,V_17-711
712,V_17-712
713,V_17-713
714,V_17-714
715,V_17-715
716,V_17-716
717,V_17-717
718,V_17-718
719,V_17-719
720,V_17-720
721,V_17-721
722,V_17-722
723,V_17-723
724,V_17-724
725,V_17-725
726,V_17-726
727,V_17-727
728,V_17-728
729,V_17-729
730,V_17-730
731,V_17-731
732,V_17-732
733,V_17-733
734,V_17-734
735,V_17-735
736,V_17-736
737,V_17-737
738,V_17-738
739,V_17-739
740,V_17-740
741,V_17-741
742,V_17-742
743,V_17-743
744,V_17-744
745,V_17-745
746,V_17-746
747,V_17-747
748,V_17-748
749,V_17-749
750,V_17-750
751,V_17-751
752,V_17-752
753,V_17-753
754,V_17-754
755,V_17-755
756,V_17-756
757,V_17-757
758,V_17-758
759,V_17-759
760,V_17-760
761,V_17-761
762,V_17-762
763,V_17-763
764,V_17-764
765,V_17-765
766,V_17-766
767,V_17-767
768,V_17-768
769,V_17-769
770,V_17-770
771,V_17-771
772,V_17-772
773,V_17-773
774,V_17-774
775,V_17-775
776,V_17-776
777,V_17-777
778,V_17-778
779,V_17-779
780,V_17-780
781,V_17-781
782,V_17-782
783,V_17-783
784,V_17-784
785,V_17-785
786,V_17-786
787,V_17-787
788,V_17-788
789,V_17-789
790,V_17-790
791,V_17-791
792,V_17-792
793,V_17-793
794,V_17-794
795,V_17-795
796,V_17-796
797,V_17-797
798,V_17-798
799,V_17-799
800,V_17-800
801,V_17-801
802,V_17-802
803,V_17-803
804,V_17-804
805,V_17-805
806,V_17-806
807,V_17-807
808,V_17-808
809,V_17-809
810,V_17-810
811,V_17-811
812,V_17-812
813,V_17-813
814,V_17-814
815,V_17-815
816,V_17-816
817,V_17-817
818,V_17-818
819,V_17-819
820,V_17-820
821,V_17-821
822,V_17-822
823,V_17-823
824,V_17-824
825,V_17-825
826,V_17-826
827,V_17-827
828,V_17-828
829,V_17-829
830,V_17-830
831,V_17-831
832,V_17-832
833,V_17-833
834,V_17-834
835,V_17-835
836,V_17-836
837,V_17-837
838,V_17-838
839,V_17-839
840,V_17-840
841,V_17-841
842,V_17-842
843,V_17-843
844,V_17-844
845,V_17-845
846,V_17-846
847,V_17-847
848,V_17-848
849,V_17-849
850,V_17-850
851,V_17-851
852,V_17-852
853,V_17-853
854,V_17-854
855,V_17-855
856,V_17-856
857,V_17-857
858,V_17-858
859,V_17-859
860,V_17-860
861,V_17-861
862,V_17-862
863,V_17-863
864,V_17-864
865,V_17-865
866,V_17-866
867,V_17-867
868,V_17-868
869,V_17-869
870,V_17-870
871,V_17-871
872,V_17-872
873,V_17-873
874,V_17-874
875,V_17-875
876,V_17-876
877,V_17-877
878,V_17-878
879,V_17-879
880,V_17-880
881,V_17-881
882,V_17-882
883,V_17-883
884,V_17-884
885,V_17-885
886,V_17-886
887,V_17-887
888,V_17-888
889,V_17-889
890,V_17-890
891,V_17-891
892,V_17-892
893,V_17-893
894,V_17-894
895,V_17-895
896,V_17-896
897,V_17-897
898,V_17-898
899,V_17-899
900,V_17-900
901,V_17-901
902,V_17-902
903,V_17-903
904,V_17-904
905,V_17-905
906,V_17-906
907,V_17-907
908,V_17-908
909,V_17-909
910,V_17-910
911,V_17-911
912,V_17-912
913,V_17-913
914,V_17-914
915,V_17-915
916,V_17-916
917,V_17-917
918,V_17-918
919,V_17-919
920,V_17-920
921,V_17-921
922,V_17-922
923,V_17-923
924,V_17-924
925,V_17-925
926,V_17-926
927,V_17-927
928,V_17-928
929,V_17-929
930,V_17-930
931,V_17-931
932,V_17-932
933,V_17-933
934,V_17-934
935,V_17-935
936,V_17-936
937,V_17-937
938,V_17-938
939,V_17-939
940,V_17-940
941,V_17-941
942,V_17-942
943,V_17-943
944,V_17-944
945,V_17-945
946,V_17-946
947,V_17-947
948,V_17-948
949,V_17-949
950,V_17-950
951,V_17-951
952,V_17-952
953,V_17-953
954,V_17-954
955,V_17-955
956,V_17-956
957,V_17-957
958,V_17-958
959,V_17-959
960,V_17-960
961,V_17-961
962,V_17-962
963,V_17-963
964,V_17-964
965,V_17-965
966,V_17-966
967,V_17-967
968,V_17-968
969,V_17-969
970,V_17-970
971,V_17-971
972,V_17-972
973,V_17-973
974,V_17-974
975,V_17-975
976,V_17-976
977,V_17-977
978,V_17-978
979,V_17-979
980,V_17-980
981,V_17-981
982,V_17-982
983,V_17-983
984,V_17-984
985,V_17-985
986,V_17-986
987,V_17-987
988,V_17-988
989,V_17-989
990,V_17-990
991,V_17-991
992,V_17-992
993,V_17-993
994,V_17-994
995,V_17-995
996,V_17-996
997,V_17-997
998,V_17-998
999,V_17-999
1000,V_17-1000
