ID,P16
1,V_16-1
2,V_16-2
3,V_16-3
4,V_16-4
5,V_16-5
6,V_16-6
7,V_16-7
8,V_16-8
9,V_16-9
10,V_16-10
11,V_16-11
12,V_16-12
13,V_16-13
14,V_16-14
15,V_16-15
16,V_16-16
17,V_16-17
18,V_16-18
19,V_16-19
20,V_16-20
21,V_16-21
22,V_16-22
23,V_16-23
24,V_16-24
25,V_16-25
26,V_16-26
27,V_16-27
28,V_16-28
29,V_16-29
30,V_16-30
31,V_16-31
32,V_16-32
33,V_16-33
34,V_16-34
35,V_16-35
36,V_16-36
37,V_16-37
38,V_16-38
39,V_16-39
40,V_16-40
41,V_16-41
42,V_16-42
43,V_16-43
44,V_16-44
45,V_16-45
46,V_16-46
47,V_16-47
48,V_16-48
49,V_16-49
50,V_16-50
51,V_16-51
52,V_16-52
53,V_16-53
54,V_16-54
55,V_16-55
56,V_16-56
57,V_16-57
58,V_16-58
59,V_16-59
60,V_16-60
61,V_16-61
62,V_16-62
63,V_16-63
64,V_16-64
65,V_16-65
66,V_16-66
67,V_16-67
68,V_16-68
69,V_16-69
70,V_16-70
71,V_16-71
72,V_16-72
73,V_16-73
74,V_16-74
75,V_16-75
76,V_16-76
77,V_16-77
78,V_16-78
79,V_16-79
80,V_16-80
81,V_16-81
82,V_16-82
83,V_16-83
84,V_16-84
85,V_16-85
86,V_16-86
87,V_16-87
88,V_16-88
89,V_16-89
90,V_16-90
91,V_16-91
92,V_16-92
93,V_16-93
94,V_16-94
95,V_16-95
96,V_16-96
97,V_16-97
98,V_16-98
99,V_16-99
100,V_16-100
101,V_16-101
102,V_16-102
103,V_16-103
104,V_16-104
105,V_16-105
106,V_16-106
107,V_16-107
108,V_16-108
109,V_16-109
110,V_16-110
111,V_16-111
112,V_16-112
113,V_16-113
114,V_16-114
115,V_16-115
116,V_16-116
117,V_16-117
118,V_16-118
119,V_16-119
120,V_16-120
121,V_16-121
122,V_16-122
123,V_16-123
124,V_16-124
125,V_16-125
126,V_16-126
127,V_16-127
128,V_16-128
129,V_16-129
130,V_16-130
131,V_16-131
132,V_16-132
133,V_16-133
134,V_16-134
135,V_16-135
136,V_16-136
137,V_16-137
138,V_16-138
139,V_16-139
140,V_16-140
141,V_16-141
142,V_16-142
143,V_16-143
144,V_16-144
145,V_16-145
146,V_16-146
147,V_16-147
148,V_16-148
149,V_16-149
150,V_16-150
151,V_16-151
152,V_16-152
153,V_16-153
154,V_16-154
155,V_16-155
156,V_16-156
157,V_16-157
158,V_16-158
159,V_16-159
160,V_16-160
161,V_16-161
162,V_16-162
163,V_16-163
164,V_16-164
165,V_16-165
166,V_16-166
167,V_16-167
168,V_16-168
169,V_16-169
170,V_16-170
171,V_16-171
172,V_16-172
173,V_16-173
174,V_16-174
175,V_16-175
176,V_16-176
177,V_16-177
178,V_16-178
179,V_16-179
180,V_16-180
181,V_16-181
182,V_16-182
183,V_16-183
184,V_16-184
185,V_16-185
186,V_16-186
187,V_16-187
188,V_16-188
189,V_16-189
190,V_16-190
191,V_16-191
192,V_16-192
193,V_16-193
194,V_16-194
195,V_16-195
196,V_16-196
197,V_16-197
198,V_16-198
199,V_16-199
200,V_16-200
201,V_16-201
202,V_16-202
203,V_16-203
204,V_16-204
205,V_16-205
206,V_16-206
207,V_16-207
208,V_16-208
209,V_16-209
210,V_16-210
211,V_16-211
212,V_16-212
213,V_16-213
214,V_16-214
215,V_16-215
216,V_16-216
217,V_16-217
218,V_16-218
219,V_16-219
220,V_16-220
221,V_16-221
222,V_16-222
223,V_16-223
224,V_16-224
225,V_16-225
226,V_16-226
227,V_16-227
228,V_16-228
229,V_16-229
230,V_16-230
231,V_16-231
232,V_16-232
233,V_16-233
234,V_16-234
235,V_16-235
236,V_16-236
237,V_16-237
238,V_16-238
239,V_16-239
240,V_16-240
241,V_16-241
242,V_16-242
243,V_16-243
244,V_16-244
245,V_16-245
246,V_16-246
247,V_16-247
248,V_16-248
249,V_16-249
250,V_16-250
251,V_16-251
252,V_16-252
253,V_16-253
254,V_16-254
255,V_16-255
256,V_16-256
257,V_16-257
258,V_16-258
259,V_16-259
260,V_16-260
261,V_16-261
262,V_16-262
263,V_16-263
264,V_16-264
265,V_16-265
266,V_16-266
267,V_16-267
268,V_16-268
269,V_16-269
270,V_16-270
271,V_16-271
272,V_16-272
273,V_16-273
274,V_16-274
275,V_16-275
276,V_16-276
277,V_16-277
278,V_16-278
279,V_16-279
280,V_16-280
281,V_16-281
282,V_16-282
283,V_16-283
284,V_16-284
285,V_16-285
286,V_16-286
287,V_16-287
288,V_16-288
289,V_16-289
290,V_16-290
291,V_16-291
292,V_16-292
293,V_16-293
294,V_16-294
295,V_16-295
296,V_16-296
297,V_16-297
298,V_16-298
299,V_16-299
300,V_16-300
301,V_16-301
302,V_16-302
303,V_16-303
304,V_16-304
305,V_16-305
306,V_16-306
307,V_16-307
308,V_16-308
309,V_16-309
310,V_16-310
311,V_16-311
312,V_16-312
313,V_16-313
314,V_16-314
315,V_16-315
316,V_16-316
317,V_16-317
318,V_16-318
319,V_16-319
320,V_16-320
321,V_16-321
322,V_16-322
323,V_16-323
324,V_16-324
325,V_16-325
326,V_16-326
327,V_16-327
328,V_16-328
329,V_16-329
330,V_16-330
331,V_16-331
332,V_16-332
333,V_16-333
334,V_16-334
335,V_16-335
336,V_16-336
337,V_16-337
338,V_16-338
339,V_16-339
340,V_16-340
341,V_16-341
342,V_16-342
343,V_16-343
344,V_16-344
345,V_16-345
346,V_16-346
347,V_16-347
348,V_16-348
349,V_16-349
350,V_16-350
351,V_16-351
352,V_16-352
353,V_16-353
354,V_16-354
355,V_16-355
356,V_16-356
357,V_16-357
358,V_16-358
359,V_16-359
360,V_16-360
361,V_16-361
362,V_16-362
363,V_16-363
364,V_16-364
365,V_16-365
366,V_16-366
367,V_16-367
368,V_16-368
369,V_16-369
370,V_16-370
371,V_16-371
372,V_16-372
373,V_16-373
374,V_16-374
375,V_16-375
376,V_16-376
377,V_16-377
378,V_16-378
379,V_16-379
380,V_16-380
381,V_16-381
382,V_16-382
383,V_16-383
384,V_16-384
385,V_16-385
386,V_16-386
387,V_16-387
388,V_16-388
389,V_16-389
390,V_16-390
391,V_16-391
392,V_16-392
393,V_16-393
394,V_16-394
395,V_16-395
396,V_16-396
397,V_16-397
398,V_16-398
399,V_16-399
400,V_16-400
401,V_16-401
402,V_16-402
403,V_16-403
404,V_16-404
405,V_16-405
406,V_16-406
407,V_16-407
408,V_16-408
409,V_16-409
410,V_16-410
411,V_16-411
412,V_16-412
413,V_16-413
414,V_16-414
415,V_16-415
416,V_16-416
417,V_16-417
418,V_16-418
419,V_16-419
420,V_16-420
421,V_16-421
422,V_16-422
423,V_16-423
424,V_16-424
425,V_16-425
426,V_16-426
427,V_16-427
428,V_16-428
429,V_16-429
430,V_16-430
431,V_16-431
432,V_16-432
433,V_16-433
434,V_16-434
435,V_16-435
436,V_16-436
437,V_16-437
438,V_16-438
439,V_16-439
440,V_16-440
441,V_16-441
442,V_16-442
443,V_16-443
444,V_16-444
445,V_16-445
446,V_16-446
447,V_16-447
448,V_16-448
449,V_16-449
450,V_16-450
451,V_16-451
452,V_16-452
453,V_16-453
454,V_16-454
455,V_16-455
456,V_16-456
457,V_16-457
458,V_16-458
459,V_16-459
460,V_16-460
461,V_16-461
462,V_16-462
463,V_16-463
464,V_16-464
465,V_16-465
466,V_16-466
467,V_16-467
468,V_16-468
469,V_16-469
470,V_16-470
471,V_16-471
472,V_16-472
473,V_16-473
474,V_16-474
475,V_16-475
476,V_16-476
477,V_16-477
478,V_16-478
479,V_16-479
480,V_16-480
481,V_16-481
482,V_16-482
483,V_16-483
484,V_16-484
485,V_16-485
486,V_16-486
487,V_16-487
488,V_16-488
489,V_16-489
490,V_16-490
491,V_16-491
492,V_16-492
493,V_16-493
494,V_16-494
495,V_16-495
496,V_16-496
497,V_16-497
498,V_16-498
499,V_16-499
500,V_16-500
501,V_16-501
502,V_16-502
503,V_16-503
504,V_16-504
505,V_16-505
506,V_16-506
507,V_16-507
508,V_16-508
509,V_16-509
510,V_16-510
511,V_16-511
512,V_16-512
513,V_16-513
514,V_16-514
515,V_16-515
516,V_16-516
517,V_16-517
518,V_16-518
519,V_16-519
520,V_16-520
521,V_16-521
522,V_16-522
523,V_16-523
524,V_16-524
525,V_16-525
526,V_16-526
527,V_16-527
528,V_16-528
529,V_16-529
530,V_16-530
531,V_16-531
532,V_16-532
533,V_16-533
534,V_16-534
535,V_16-535
536,V_16-536
537,V_16-537
538,V_16-538
539,V_16-539
540,V_16-540
541,V_16-541
542,V_16-542
543,V_16-543
544,V_16-544
545,V_16-545
546,V_16-546
547,V_16-547
548,V_16-548
549,V_16-549
550,V_16-550
551,V_16-551
552,V_16-552
553,V_16-553
554,V_16-554
555,V_16-555
556,V_16-556
557,V_16-557
558,V_16-558
559,V_16-559
560,V_16-560
561,V_16-561
562,V_16-562
563,V_16-563
564,V_16-564
565,V_16-565
566,V_16-566
567,V_16-567
568,V_16-568
569,V_16-569
570,V_16-570
571,V_16-571
572,V_16-572
573,V_16-573
574,V_16-574
575,V_16-575
576,V_16-576
577,V_16-577
578,V_16-578
579,V_16-579
580,V_16-580
581,V_16-581
582,V_16-582
583,V_16-583
584,V_16-584
585,V_16-585
586,V_16-586
587,V_16-587
588,V_16-588
589,V_16-589
590,V_16-590
591,V_16-591
592,V_16-592
593,V_16-593
594,V_16-594
595,V_16-595
596,V_16-596
597,V_16-597
598,V_16-598
599,V_16-599
600,V_16-600
601,V_16-601
602,V_16-602
603,V_16-603
604,V_16-604
605,V_16-605
606,V_16-606
607,V_16-607
608,V_16-608
609,V_16-609
610,V_16-610
611,V_16-611
612,V_16-612
613,V_16-613
614,V_16-614
615,V_16-615
616,V_16-616
617,V_16-617
618,V_16-618
619,V_16-619
620,V_16-620
621,V_16-621
622,V_16-622
623,V_16-623
624,V_16-624
625,V_16-625
626,V_16-626
627,V_16-627
628,V_16-628
629,V_16-629
630,V_16-630
631,V_16-631
632,V_16-632
633,V_16-633
634,V_16-634
635,V_16-635
636,V_16-636
637,V_16-637
638,V_16-638
639,V_16-639
640,V_16-640
641,V_16-641
642,V_16-642
643,V_16-643
644,V_16-644
645,V_16-645
646,V_16-646
647,V_16-647
648,V_16-648
649,V_16-649
650,V_16-650
651,V_16-651
652,V_16-652
653,V_16-653
654,V_16-654
655,V_16-655
656,V_16-656
657,V_16-657
658,V_16-658
659,V_16-659
660,V_16-660
661,V_16-661
662,V_16-662
663,V_16-663
664,V_16-664
665,V_16-665
666,V_16-666
667,V_16-667
668,V_16-668
669,V_16-669
670,V_16-670
671,V_16-671
672,V_16-672
673,V_16-673
674,V_16-674
675,V_16-675
676,V_16-676
677,V_16-677
678,V_16-678
679,V_16-679
680,V_16-680
681,V_16-681
682,V_16-682
683,V_16-683
684,V_16-684
685,V_16-685
686,V_16-686
687,V_16-687
688,V_16-688
689,V_16-689
690,V_16-690
691,V_16-691
692,V_16-692
693,V_16-693
694,V_16-694
695,V_16-695
696,V_16-696
697,V_16-697
698,V_16-698
699,V_16-699
700,V_16-700
701,V_16-701
702,V_16-702
703,V_16-703
704,V_16-704
705,V_16-705
706,V_16-706
707,V_16-707
708,V_16-708
709,V_16-709
710,V_16-710
711,V_16-711
712,V_16-712
713,V_16-713
714,V_16-714
715,V_16-715
716,V_16-716
717,V_16-717
718,V_16-718
719,V_16-719
720,V_16-720
721,V_16-721
722,V_16-722
723,V_16-723
724,V_16-724
725,V_16-725
726,V_16-726
727,V_16-727
728,V_16-728
729,V_16-729
730,V_16-730
731,V_16-731
732,V_16-732
733,V_16-733
734,V_16-734
735,V_16-735
736,V_16-736
737,V_16-737
738,V_16-738
739,V_16-739
740,V_16-740
741,V_16-741
742,V_16-742
743,V_16-743
744,V_16-744
745,V_16-745
746,V_16-746
747,V_16-747
748,V_16-748
749,V_16-749
750,V_16-750
751,V_16-751
752,V_16-752
753,V_16-753
754,V_16-754
755,V_16-755
756,V_16-756
757,V_16-757
758,V_16-758
759,V_16-759
760,V_16-760
761,V_16-761
762,V_16-762
763,V_16-763
764,V_16-764
765,V_16-765
766,V_16-766
767,V_16-767
768,V_16-768
769,V_16-769
770,V_16-770
771,V_16-771
772,V_16-772
773,V_16-773
774,V_16-774
775,V_16-775
776,V_16-776
777,V_16-777
778,V_16-778
779,V_16-779
780,V_16-780
781,V_16-781
782,V_16-782
783,V_16-783
784,V_16-784
785,V_16-785
786,V_16-786
787,V_16-787
788,V_16-788
789,V_16-789
790,V_16-790
791,V_16-791
792,V_16-792
793,V_16-793
794,V_16-794
795,V_16-795
796,V_16-796
797,V_16-797
798,V_16-798
799,V_16-799
800,V_16-800
801,V_16-801
802,V_16-802
803,V_16-803
804,V_16-804
805,V_16-805
806,V_16-806
807,V_16-807
808,V_16-808
809,V_16-809
810,V_16-810
811,V_16-811
812,V_16-812
813,V_16-813
814,V_16-814
815,V_16-815
816,V_16-816
817,V_16-817
818,V_16-818
819,V_16-819
820,V_16-820
821,V_16-821
822,V_16-822
823,V_16-823
824,V_16-824
825,V_16-825
826,V_16-826
827,V_16-827
828,V_16-828
829,V_16-829
830,V_16-830
831,V_16-831
832,V_16-832
833,V_16-833
834,V_16-834
835,V_16-835
836,V_16-836
837,V_16-837
838,V_16-838
839,V_16-839
840,V_16-840
841,V_16-841
842,V_16-842
843,V_16-843
844,V_16-844
845,V_16-845
846,V_16-846
847,V_16-847
848,V_16-848
849,V_16-849
850,V_16-850
851,V_16-851
852,V_16-852
853,V_16-853
854,V_16-854
855,V_16-855
856,V_16-856
857,V_16-857
858,V_16-858
859,V_16-859
860,V_16-860
861,V_16-861
862,V_16-862
863,V_16-863
864,V_16-864
865,V_16-865
866,V_16-866
867,V_16-867
868,V_16-868
869,V_16-869
870,V_16-870
871,V_16-871
872,V_16-872
873,V_16-873
874,V_16-874
875,V_16-875
876,V_16-876
877,V_16-877
878,V_16-878
879,V_16-879
880,V_16-880
881,V_16-881
882,V_16-882
883,V_16-883
884,V_16-884
885,V_16-885
886,V_16-886
887,V_16-887
888,V_16-888
889,V_16-889
890,V_16-890
891,V_16-891
892,V_16-892
893,V_16-893
894,V_16-894
895,V_16-895
896,V_16-896
897,V_16-897
898,V_16-898
899,V_16-899
900,V_16-900
901,V_16-901
902,V_16-902
903,V_16-903
904,V_16-904
905,V_16-905
906,V_16-906
907,V_16-907
908,V_16-908
909,V_16-909
910,V_16-910
911,V_16-911
912,V_16-912
913,V_16-913
914,V_16-914
915,V_16-915
916,V_16-916
917,V_16-917
918,V_16-918
919,V_16-919
920,V_16-920
921,V_16-921
922,V_16-922
923,V_16-923
924,V_16-924
925,V_16-925
926,V_16-926
927,V_16-927
928,V_16-928
929,V_16-929
930,V_16-930
931,V_16-931
932,V_16-932
933,V_16-933
934,V_16-934
935,V_16-935
936,V_16-936
937,V_16-937
938,V_16-938
939,V_16-939
940,V_16-940
941,V_16-941
942,V_16-942
943,V_16-943
944,V_16-944
945,V_16-945
946,V_16-946
947,V_16-947
948,V_16-948
949,V_16-949
950,V_16-950
951,V_16-951
952,V_16-952
953,V_16-953
954,V_16-954
955,V_16-955
956,V_16-956
957,V_16-957
958,V_16-958
959,V_16-959
960,V_16-960
961,V_16-961
962,V_16-962
963,V_16-963
964,V_16-964
965,V_16-965
966,V_16-966
967,V_16-967
968,V_16-968
969,V_16-969
970,V_16-970
971,V_16-971
972,V_16-972
973,V_16-973
974,V_16-974
975,V_16-975
976,V_16-976
977,V_16-977
978,V_16-978
979,V_16-979
980,V_16-980
981,V_16-981
982,V_16-982
983,V_16-983
984,V_16-984
985,V_16-985
986,V_16-986
987,V_16-987
988,V_16-988
989,V_16-989
990,V_16-990
991,V_16-991
992,V_16-992
993,V_16-993
994,V_16-994
995,V_16-995
996,V_16-996
997,V_16-997
998,V_16-998
999,V_16-999
1000,V_16-1000
